MissingRate,Repeat,Seed,Mean,Median,ClinDiff-Lite,ClinDiff-Gated,Mean Liver Avg,ClinDiff-Lite Liver Avg,ClinDiff-Gated Liver Avg,Grouped Usage Rate,Masked Observed Cells,Masked Headline Cells,Masked Liver Cells
20%,1,2226,188.44582036394968,204.90598525812442,188.31164865769372,188.69856122737357,199.15385368370391,194.2155213311203,194.47941526404097,0.7017469109501491,2405,2001,1125
20%,2,2227,192.08982795180927,208.09948418236425,185.4757023631512,186.1247546877101,187.12115065669684,175.72065203791638,176.1181290972476,0.7068598210481466,2467,2004,1111
20%,3,2228,190.42887671058065,207.03141861095452,187.00982233376737,188.2733501929917,196.60396560644392,186.60634605930082,187.79834138821613,0.6974861525351512,2405,1991,1144
20%,4,2229,183.9292870148771,201.84152210208163,175.72305740889684,176.2568878564487,178.10596748560968,162.85441527239502,162.62858699843943,0.7047294418406477,2324,1913,1088
20%,5,2230,171.19053748672334,186.27617946910553,164.99088444117166,166.03059685441715,181.78534500982184,170.1441639699193,170.94184575539407,0.6966340008521517,2437,1997,1147
20%,6,2231,181.1540851318366,197.54191679592415,171.9198884009038,173.3415959061161,186.12857448237955,170.81446755923866,172.03757828423235,0.7017469109501491,2399,1996,1145
20%,7,2232,172.7281635727776,186.35888720533458,164.42643551458235,165.29121588297266,172.23402991964178,158.12305509964,158.4313005549937,0.706007669365147,2426,1997,1128
20%,8,2233,217.42875046078856,233.0400396268533,214.72415792909786,215.32461807450682,218.60018564281827,209.72341166192314,210.41786889863258,0.6974861525351512,2407,1973,1126
20%,9,2234,193.51573729182198,209.4659479766143,191.3007159164777,188.4489878062177,192.34648636880493,182.0566727823715,180.00415442565824,0.6983383042181508,2465,2044,1165
20%,10,2235,202.65998552189575,218.38493953220865,201.53252991471373,201.37687856522572,207.20483244380918,196.34207829754607,196.00621372778804,0.7017469109501491,2503,2064,1139
20%,11,2236,175.0806843239036,192.32533561970683,165.13738554044122,167.99027875244437,178.42475432052413,162.45726083561104,164.8167493836573,0.7043033659991479,2476,2044,1160
20%,12,2237,193.10513667480794,207.96385911070368,191.8716069208933,185.57107210291278,186.83503030288747,180.14125417367526,175.2095963541839,0.7017469109501491,2454,2022,1181
20%,13,2238,175.94406498575967,190.84069606425282,176.78946638030573,177.5520979400587,187.1697645194191,182.3686918081818,182.9822062202734,0.6953557733276523,2492,2038,1177
20%,14,2239,203.88308252118256,217.451038409637,202.16622738270794,195.00425515757456,194.70097435105694,185.57678645966993,180.05134003855164,0.6970600766936514,2448,2026,1177
20%,15,2240,185.17205088650425,204.8906074770166,185.71109050183128,186.24622406244373,174.93425134695676,170.5847855781248,171.1084914989676,0.6889646357051555,2470,2034,1196
20%,16,2241,164.77748900024838,180.85027987677964,165.33490331694037,164.7142136725506,172.7630072850765,166.33665876940276,165.6882079962106,0.697912228376651,2496,2047,1180
20%,17,2242,207.48110459444928,224.9604678158812,201.11858402943298,201.89721831808782,206.1281805516874,192.55736262958246,193.17543862163907,0.7106945036216447,2410,2004,1127
20%,18,2243,192.24387835674207,207.62701254222512,180.74659336616503,180.94010032578356,193.7477073045827,176.6673953215096,176.75695851372794,0.7145291861951427,2303,1892,1081
20%,19,2244,156.47616706964632,170.2265046077272,157.0306519992118,156.57742441553498,160.91679093220264,154.93109219503128,154.5359696183068,0.7030251384746485,2475,2032,1142
20%,20,2245,158.28492045139657,176.4349913700343,154.62624883958952,155.42127867459078,172.8228879745027,165.14642793681332,165.7507384162785,0.6966340008521517,2498,2071,1181
20%,21,2246,202.0092175649582,220.0445569765707,198.22357793093437,199.12194738262335,208.07587991302395,197.56013126980682,197.94603223198808,0.7085641244141457,2407,1964,1154
20%,22,2247,211.96982632721196,226.3202281033505,206.4931432721657,207.54946520764403,199.88025421916925,187.64132739543774,188.26076177187528,0.7106945036216447,2348,1924,1118
20%,23,2248,178.8654576661023,194.19351217187275,174.18659855284716,175.31570534050326,178.39371967724665,167.14963383679037,167.67112991131185,0.697912228376651,2467,2013,1167
20%,24,2249,179.76522405807052,195.22450547175285,173.14136453820157,173.65884942489126,195.53682773527706,182.92169697112232,182.69812369815835,0.6953557733276523,2384,1961,1125
20%,25,2250,166.0364550022114,180.57096429786768,168.13661387503387,168.34972490453012,166.39666044538617,160.25236982193346,160.29290500049163,0.6927993182786536,2454,2029,1157
20%,26,2251,216.3591294066842,230.73750205972917,214.35035942832786,210.74248866846315,204.14284921721332,191.76485249837287,188.44990002165102,0.708138048572646,2424,1996,1125
20%,27,2252,172.06681286720888,188.14352570543147,169.59728502130338,170.56894715942323,171.34971374166253,160.83113712541783,161.44229022521571,0.7043033659991479,2402,1967,1140
20%,28,2253,182.31269969263485,197.76601260033743,180.70432843523074,177.062589284762,181.05579733656222,173.2832783086312,170.4815090188495,0.6893907115466553,2602,2145,1227
20%,29,2254,212.75039388761408,226.4969710314132,211.23416964352674,208.30630585169976,198.2307043504626,188.23773146741394,186.39556047150037,0.7030251384746485,2429,1986,1130
20%,30,2255,241.85214616334568,260.8755233448448,238.05310143838133,239.72855181481242,221.01196457845103,210.85841499734627,211.804562522559,0.6966340008521517,2435,2015,1176
20%,31,2256,194.04609905065286,211.11674333773362,183.11856128565276,183.81928851914222,191.1331460196824,174.90604363798357,175.4033015140808,0.6945036216446527,2394,1968,1135
20%,32,2257,161.4198614544017,178.66961942607128,162.12155374328037,162.5479049570184,161.96699574790577,154.61487593118525,154.993780635173,0.6953557733276523,2552,2100,1180
20%,33,2258,215.03807013394172,228.43876347248712,210.53279147506964,211.38940035415632,202.4385393828222,188.62463038390842,189.1806338965614,0.7051555176821475,2399,1974,1123
20%,34,2259,172.65719113049286,185.27316327777945,169.26787456980603,169.82234312909645,172.71270521125078,163.65373820333852,164.2048962830642,0.7034512143161483,2466,2032,1145
20%,35,2260,177.6607072474553,191.8144592775382,175.7526124205558,169.39765907123726,183.02133149953502,174.47560025290514,169.5140935326439,0.6945036216446527,2503,2072,1180
20%,36,2261,164.38503945995745,178.30941841778215,161.74636385538128,162.274677426255,176.34030500343306,167.70407305722975,167.98402827523006,0.7034512143161483,2422,1993,1148
20%,37,2262,158.36292291210793,170.77256696627504,154.76077301241676,155.1038746124968,161.35036803837784,150.1982119050336,150.24251096441586,0.7068598210481466,2376,1961,1110
20%,38,2263,186.49150867830434,205.95036475915154,184.68660133268335,182.84594355114467,186.34984642608018,178.22400652962838,176.78143545781424,0.7034512143161483,2379,1974,1141
20%,39,2264,197.37084409728638,211.21000581907757,191.26207494653636,191.2682668152173,188.3653934847462,173.3525374206497,173.355699600017,0.7004686834256497,2467,2026,1162
20%,40,2265,198.3241556482682,212.83828105819606,194.8054659595025,195.52397245046654,184.34388448682344,173.697716410695,174.34259516038296,0.6842778014486579,2479,2038,1187
20%,41,2266,178.06959679338232,194.6339925039906,175.8298881837257,170.080309280879,175.35819739037785,165.29590075670495,160.99818685294454,0.7025990626331488,2462,2024,1151
20%,42,2267,226.91339804931647,243.66778501018442,223.28711524115386,224.06876931495884,229.87968607852304,219.17493898322155,219.72149981593205,0.6970600766936514,2412,1978,1120
20%,43,2268,222.79919745969065,239.1113180412886,222.67044399768093,222.83198549545918,211.53289449149864,204.64150794547905,203.92525914988025,0.7051555176821475,2430,2001,1123
20%,44,2269,149.04908144036403,161.95566108590745,146.5622951332379,141.0577305222962,160.74894413479876,151.86024155769397,146.6572848856758,0.7098423519386451,2414,1994,1132
20%,45,2270,176.12296927376642,190.65845279896078,173.89750358175277,167.37937771515004,179.2675005387498,169.22247280323293,163.71963849447158,0.7089902002556455,2456,1971,1126
20%,46,2271,215.44659184941116,232.06333080011328,214.67853488616603,215.38086592699614,208.77505070955294,199.40261232710284,199.57985310510446,0.6957818491691521,2493,2056,1192
20%,47,2272,169.07852924793607,187.35264353219105,166.2823043342941,164.2510382716242,176.76131229281518,166.30427750807667,164.80417016896686,0.7051555176821475,2396,1987,1147
20%,48,2273,151.00910605896416,168.71593099907702,145.2805515457288,146.7671177605991,156.48166228352258,142.8488227533734,144.02773533165862,0.7149552620366425,2340,1927,1079
20%,49,2274,186.459924732028,204.43094191109364,184.72588829374308,177.24369913192777,200.75124809655964,193.9694682526957,187.4394263104091,0.7008947592671495,2489,2055,1174
20%,50,2275,188.80410043921992,205.19123086612723,186.57264052468494,183.33003084515025,184.1441802101699,171.80147931024374,169.12667734572054,0.7072858968896464,2369,1942,1117
20%,51,2276,168.97874920939435,186.75175905311076,167.14896442856084,167.63992151685522,176.25046058912667,167.10963088256275,167.55232365588364,0.6996165317426501,2435,2004,1165
20%,52,2277,208.09441245497516,224.3720126009518,208.86433785007867,209.7472236457534,202.86510423447882,193.63243318281204,193.6602118222562,0.7017469109501491,2454,2031,1138
20%,53,2278,225.98604391249845,240.4904776512951,220.3466057969156,220.40594329141373,213.06672755761983,203.33692690727366,203.46779718382484,0.7038772901576481,2399,1983,1141
20%,54,2279,149.03041871352272,159.9043555741019,143.77897980906525,144.9661601170308,163.80643283867462,154.855444757729,155.74536851402695,0.6966340008521517,2514,2078,1200
20%,55,2280,175.0354580923898,191.54323782710833,175.18839042498146,175.38117987189815,172.14382635668588,164.01445562384473,164.12928537313311,0.7064337452066468,2417,2009,1154
20%,56,2281,176.34657264772179,193.59445989322637,176.72611539272958,176.53762258237776,175.97567792613242,169.28006828591805,169.11757545582535,0.6902428632296549,2498,2037,1183
20%,57,2282,204.709289844446,221.75160647570428,200.60077496315552,200.75562984410715,199.97615856310912,187.68971299797477,187.31341584338827,0.7102684277801449,2407,1969,1106
20%,58,2283,165.36674915216219,182.54934043246118,164.7727047666915,165.20755004161558,172.12853805658744,162.8230364174894,162.76408741588781,0.6932253941201534,2500,2033,1157
20%,59,2284,164.10878524761546,180.35184610448056,161.00926496678045,161.63318302341906,176.9331201513181,170.01811519517588,170.46784100343064,0.6970600766936514,2419,1961,1130
20%,60,2285,207.31928876712902,221.34891058093297,205.23542099174998,206.2795901267477,198.7758769746881,190.69485068133102,191.082227534407,0.7064337452066468,2496,2050,1133
20%,61,2286,125.32324136339939,132.08838923413416,123.07726505088802,113.22320770091721,139.51915907181123,132.55396741273128,124.4345690624695,0.6974861525351512,2439,2008,1141
20%,62,2287,182.03733428695935,195.36697368588557,179.852110746894,172.64565150876743,182.52220229970325,171.37422386470487,164.7713005091943,0.7030251384746485,2482,2033,1164
20%,63,2288,164.83119901943542,182.5627859055693,163.61496868994882,164.45586938803953,170.3139991837584,162.91280051018688,163.56409401218212,0.7008947592671495,2478,2044,1169
20%,64,2289,176.09069091608652,192.29412930091308,167.83855533079898,169.79120525041938,186.98404576911707,173.9095174657451,175.32577445230893,0.6915210907541542,2456,2041,1161
20%,65,2290,190.0236131719859,207.82623172313959,183.22065933358598,184.03808199594778,186.48097605286605,173.96898555397965,174.5539559882368,0.6970600766936514,2463,2049,1141
20%,66,2291,175.55864279135128,191.80002062616398,177.977692638832,178.36631700145375,176.0773568948355,169.7074589067602,169.80656719887529,0.7149552620366425,2475,2021,1146
20%,67,2292,192.00760680034094,208.57949368362853,183.67692465718292,182.97227788300847,195.10565011386268,180.34413048153172,179.347590382695,0.702172986791649,2466,2023,1144
20%,68,2293,174.38430115016433,190.61501324903227,172.5260242010292,168.19400521774685,172.42782186746396,161.55086808542572,158.2355576325974,0.7025990626331488,2440,1965,1094
20%,69,2294,187.35023338770918,202.994064561839,185.7818066792532,180.20256245739506,189.63325477622243,182.2965227763907,177.3722266936287,0.7136770345121431,2396,1952,1076
20%,70,2295,202.66591687282894,221.58232379021823,200.24101599027713,196.5693000711947,207.65540128915632,198.03166519701594,194.5733434407338,0.7025990626331488,2396,1948,1095
20%,71,2296,183.46884694223974,197.58658757546712,182.0121545588555,177.18644915852676,173.75984825146259,165.18994526865893,161.22765216014886,0.7038772901576481,2406,1984,1138
20%,72,2297,217.10988487540706,234.59637623398984,218.25632902745068,219.34734126645742,215.98076943060678,208.2401266827823,209.15441312560824,0.7000426075841499,2424,2005,1139
20%,73,2298,217.45733808781813,233.03449830949754,215.54527187537778,213.1077870652479,212.95419094501895,201.53602108323912,199.45899975463632,0.7085641244141457,2393,1971,1120
20%,74,2299,196.72978643463424,211.962016940736,195.16028821793387,195.67777965618222,192.08290937043498,183.6273829263712,183.9147353001649,0.6953557733276523,2474,2009,1162
20%,75,2300,169.5642470119115,180.58260004277332,158.67802407459644,158.8358882206396,171.36479352900986,152.3661269540996,151.99321949356644,0.7072858968896464,2506,2065,1149
20%,76,2301,172.24802316447682,189.26988016348508,167.8070549139441,167.71255240331877,166.99265376850096,155.373725617755,155.13799717149092,0.7089902002556455,2468,2000,1154
20%,77,2302,181.26891550198764,195.0830976299631,172.13903714103287,172.398019637768,179.83466904753277,163.82054775710108,164.01924480374447,0.7132509586706434,2403,1974,1099
20%,78,2303,155.32886053561688,170.65832237819455,153.87581663702443,154.76804620007078,163.38644710244648,155.68294821761353,156.24156634501455,0.6996165317426501,2481,2026,1160
20%,79,2304,176.33214466994554,193.27208873315348,174.84038847788622,174.78970089620347,172.5676103811302,161.6790653752548,161.47619591465983,0.6970600766936514,2471,2033,1206
20%,80,2305,178.23166055303082,195.09603875371562,176.42860446355365,176.5003767267358,179.9908231013138,171.45196453672227,171.4569951930462,0.7030251384746485,2371,1955,1122
20%,81,2306,202.1387188348517,216.7105461727948,195.78858161843607,196.5575084650726,198.14391963014748,184.78722149760998,184.85312291368132,0.6966340008521517,2503,2039,1207
20%,82,2307,178.3316608012744,191.4349144633948,168.7059040260559,169.24720473659647,184.3753287082683,171.20948282769393,171.3559826135961,0.6996165317426501,2406,1976,1113
20%,83,2308,162.97535632068437,177.85142731120337,161.1515557087791,156.05046768997497,160.81805635829787,152.10278949903721,148.29981207545526,0.6970600766936514,2471,2034,1182
20%,84,2309,171.01899170462946,186.51468660256867,168.99012938766722,170.08009142644448,173.4262662860476,162.27642258021356,162.60220543918015,0.6974861525351512,2478,2051,1190
20%,85,2310,160.60650533621677,175.02142697931393,158.1880244474605,148.92017005367032,168.1302002770885,158.61556576749112,151.01245077978857,0.7000426075841499,2397,1973,1142
20%,86,2311,193.31777571737547,212.5614609023265,186.84982571230603,188.34336713242215,190.13533144872693,175.5837319599369,176.2241733845348,0.7025990626331488,2447,2008,1148
20%,87,2312,178.59463992588576,198.50320889795915,170.87963835523414,172.04958944610283,184.30642761359442,169.42630486413273,170.1534050445645,0.694077545803153,2471,2031,1177
20%,88,2313,171.57289233497153,188.1524961937436,165.03119831229338,166.14491292989612,170.49310631175618,157.49823310288681,158.19734850323053,0.6949296974861525,2467,2022,1142
20%,89,2314,166.49787002487733,182.69254441918835,160.25460875946635,161.36245758378843,172.19171598440164,158.9929542642987,159.57933298432008,0.6936514699616532,2532,2089,1175
20%,90,2315,189.03496142580255,207.42660719559132,187.72010965649693,185.7143192016577,182.0633549445823,174.60655211721664,173.42059098972746,0.7004686834256497,2487,2053,1177
20%,91,2316,200.95638842930578,217.53136519901457,195.2492997427664,195.82538744881296,195.83443069485725,180.0825497475968,179.90155927846604,0.7128248828291436,2391,1945,1106
20%,92,2317,191.8035787047989,209.65574448257922,192.37610793919603,193.46827236789832,183.54351880095058,175.04204431162285,175.72058719111803,0.6983383042181508,2414,1998,1176
20%,93,2318,201.12939595381653,214.42992134644848,199.76842850074115,196.71248073928646,191.25851092970456,183.0040794661401,180.82580950208055,0.702172986791649,2449,2006,1129
20%,94,2319,219.51215982054944,233.18022931844973,210.73134001623853,210.97628604849473,210.20610517833927,195.38188758547588,194.95324550130712,0.6936514699616532,2503,2082,1181
20%,95,2320,146.82354118129453,158.170204305378,144.86756258197954,145.35524214440315,149.64023948275525,140.35808338095387,140.8316115596599,0.7047294418406477,2453,1993,1163
20%,96,2321,151.15367118070088,163.1849025994777,146.96116737251566,147.397709244482,158.2464886684916,148.95908570715267,149.16925074211102,0.7004686834256497,2416,1945,1094
20%,97,2322,180.53467784152696,195.46340765405586,177.72932469585746,178.27273222606064,192.1043314155014,181.65487181595168,181.8403470289594,0.7064337452066468,2422,1982,1091
20%,98,2323,185.57478442672854,202.6191908970038,183.75836251485885,184.14011782469754,182.48078201850637,173.94637706777021,173.8823064543436,0.6953557733276523,2455,2012,1159
20%,99,2324,162.3763750906732,177.70181251325968,159.7420047876741,160.30569677791578,161.0030857073714,150.78270495036543,151.3085805382075,0.6983383042181508,2409,1949,1162
20%,100,2325,164.66923736020416,177.2521000057112,160.90438031217283,161.05330990078312,165.83796411356002,153.0949879747086,153.09078102590567,0.7064337452066468,2430,1997,1129
40%,1,2426,189.36967885493678,206.26868830637903,188.0891413594483,186.8735795598778,185.4270410137528,179.3967904697383,178.26888651569575,0.47209203238176395,4961,4100,2321
40%,2,2427,195.48362809255775,210.16568604972989,199.82630929449033,200.15318242314697,190.5215318918149,187.80068469982655,187.93540543254878,0.4733702599062633,4913,4071,2325
40%,3,2428,167.72456490640602,184.40487930564495,166.39634663175246,164.12639048897458,169.75253442025664,163.9017569683124,162.07832972787435,0.48615253515125695,4845,4007,2313
40%,4,2429,182.6374583652139,194.4841100011584,181.43404505069674,178.7915990651677,188.19176032729118,182.78184168124702,180.68781887129364,0.49169152109075415,4772,3925,2247
40%,5,2430,196.14949150749732,209.97914483239867,201.83608628986693,202.45292546347272,198.64651763368843,198.96394879995674,199.23930846550857,0.4976565828717512,4851,3960,2268
40%,6,2431,205.2515197433914,220.52629401540892,195.41179749722846,197.0308458992282,199.88897531681718,186.67522005301524,187.69769820926004,0.5138474648487431,4786,3916,2206
40%,7,2432,176.47982562983978,190.08874242817117,174.76954807011543,173.0846155655536,185.8369646335725,179.67942529435572,178.0513185938889,0.49552620366425226,4787,3901,2233
40%,8,2433,195.86061363446458,210.1517635861454,192.83757804411806,193.01281711045124,189.70595826315648,182.48472729518255,182.40742027057436,0.48913506604175544,4866,3993,2272
40%,9,2434,186.9750626578828,203.2902905484231,180.46433821685775,180.99054777247844,186.3492970244405,175.74106602256214,175.95459523907667,0.4631444397102684,4867,4072,2355
40%,10,2435,189.74341741945884,205.96101915175407,188.30929933161656,185.9157856963383,186.7158179744415,179.9123195144507,178.0922080406735,0.4729441840647635,4959,4108,2350
40%,11,2436,190.62889140747075,207.9569818916989,189.16807920250474,187.48325981668953,192.5783934036714,186.53058526793504,184.91831424430893,0.4993608862377503,4834,3999,2231
40%,12,2437,168.48136616618947,184.05767586204516,166.99926329192115,165.54269397823936,177.17676491441878,171.49576955067792,170.14874585624662,0.48572645930975716,4888,4056,2306
40%,13,2438,170.61776129406712,185.64125533421597,169.1844530178813,167.2538640109308,178.71008505962436,173.24016493070937,171.60551942966347,0.4976565828717512,4844,3964,2266
40%,14,2439,195.96776090899704,214.19677118310108,193.94643068704556,203.8664322170671,191.55822908268215,185.7691736289643,193.49568732969541,0.4712398806987644,4895,4045,2363
40%,15,2440,180.7026813876733,196.38368953661077,182.55440467057196,183.83532775874642,179.6466559275707,175.45619624993643,176.3707531642441,0.4874307626757563,4876,4022,2284
40%,16,2441,185.71253497623255,204.78677467043516,184.3965694547163,185.95378833208028,182.71328375587527,176.51856468046546,177.49150014794807,0.4878568385172561,4820,3979,2298
40%,17,2442,159.68372563017095,171.96303494096531,158.09340005865712,156.25198159201463,165.0444118613461,159.03594901496888,157.2043505735921,0.4929697486152535,4885,4031,2289
40%,18,2443,171.03652236586774,188.33545791166517,169.6128354500302,168.48324388223526,169.0714041403153,161.81300450355528,160.6699537120014,0.4874307626757563,4862,4002,2311
40%,19,2444,176.1613524315799,189.8820906009916,174.97600439224934,172.11924838812533,183.42401211802823,178.81744231232108,176.49334949449369,0.47507456327226244,4951,4077,2300
40%,20,2445,166.68268563006376,181.12217105622673,164.89358869802302,159.32294207167485,177.8134982183052,171.0633162478342,166.45729198983634,0.4933958244567533,4822,3965,2224
40%,21,2446,192.6211680107541,206.76135101437117,191.3421905858468,188.91483988479544,183.8807570075704,176.3959159344848,174.53173367432737,0.4951001278227524,4834,3972,2267
40%,22,2447,169.31991949798362,183.9606364119121,167.43389347056623,163.894240458954,178.5291049009303,171.69706817379713,168.83568308106018,0.4976565828717512,4822,3949,2244
40%,23,2448,176.9229227000363,193.66056876651453,175.45653516048915,172.99472599808055,175.323717878504,168.78555645220055,166.70069018655263,0.49595227950575205,4880,3986,2256
40%,24,2449,204.10697941755393,219.4043526002529,203.07936574830984,201.02252061440134,196.95418922247418,191.23779726237618,189.85223725869363,0.47464848743076266,4877,4069,2320
40%,25,2450,189.44462365351671,202.6703589108114,194.4478547791635,193.94389081445684,184.00841248708375,181.700903741253,181.0416483703584,0.4929697486152535,4766,3934,2275
40%,26,2451,179.69216187241173,195.36980294538722,178.3260655824139,177.041251421071,180.92334885651846,175.29568595716395,174.17165196696683,0.48572645930975716,4931,4059,2323
40%,27,2452,172.43174903369038,186.4659209573098,172.7000346927007,173.06338264623628,169.84542468359697,165.15568101976078,165.06443930447625,0.49424797613975285,4944,4020,2268
40%,28,2453,195.7207470886018,209.58662588916454,194.38350427908594,189.06568562228998,188.4565202825988,180.76661617688987,176.32681237444118,0.47251810822326373,4968,4082,2318
40%,29,2454,177.692953226641,192.15073578300323,175.9754181023346,174.33469861597453,172.0729005353712,163.40577747665543,161.93966215485037,0.48913506604175544,4883,4042,2301
40%,30,2455,181.2397580930225,194.80856890398442,179.6219520083771,178.09829966134052,176.3743559449405,168.0600079873272,166.65063669801717,0.47933532168726034,4875,4034,2311
40%,31,2456,187.88856710777605,204.41405606006373,186.66134487400663,185.51297506403213,183.84491857611135,178.18040467593062,177.35889772570127,0.4933958244567533,4827,3966,2282
40%,32,2457,156.46759367178032,169.71992775222802,154.745730721172,151.53961625405188,161.5241783026268,154.2258270959118,151.37122023116987,0.4929697486152535,4888,3991,2236
40%,33,2458,188.32854403442462,204.97420137443154,185.83273658209933,185.40865367841977,187.1761936766154,178.49874692940352,177.94894960879483,0.4806135492117597,4955,4081,2313
40%,34,2459,202.28923766685378,217.49981540050928,201.3090944388367,202.01131801775156,196.87281806305938,190.32660624409922,190.95929073208183,0.49808265871325097,4807,3963,2233
40%,35,2460,184.43788528127513,202.34273961247985,185.18367615043346,187.89940718137245,180.16743658440726,174.4565285792003,176.3985094966787,0.48572645930975716,4822,3942,2287
40%,36,2461,171.96030135912238,186.37512974122876,170.28735467301718,170.75510923055234,171.48030765758176,165.5804726733444,165.749999542054,0.47848317000426077,4856,4010,2342
40%,37,2462,195.22505922219221,212.05975060357846,199.52162857926984,200.02080705820916,191.31050414352706,189.02214108113517,189.25782352567288,0.49808265871325097,4821,3969,2246
40%,38,2463,184.30208884697632,199.4694197119997,182.25398246995013,182.58250087044323,182.7509324307496,172.5354246654109,172.77039879622566,0.4827439284192586,5013,4134,2323
40%,39,2464,184.03053229175984,197.34492232765297,182.86755137658932,178.81032424865728,181.98634988603385,176.48303654911055,173.35894753589605,0.4929697486152535,4863,3993,2277
40%,40,2465,212.47268857598266,228.18358418238623,211.34081419838648,211.6947652126692,208.10177351781192,202.32687935764167,202.3937643246744,0.4904132935662548,4876,3967,2223
40%,41,2466,194.97393112783212,211.06256601706983,193.42946009696533,190.32029023158427,191.14438315945426,183.80020811052023,181.06707836310832,0.4682573498082659,4993,4089,2362
40%,42,2467,181.1179395893712,194.97780973142505,179.60026777444654,176.18398325415745,183.84742840810188,177.50328236993934,174.9043204206836,0.49211759693225393,4952,4045,2287
40%,43,2468,175.57127883095382,192.28836291541762,173.98886031427796,172.7720828356309,184.7449236438924,179.55836380108528,178.4483338404526,0.48487430762675754,4929,4050,2332
40%,44,2469,167.67704721237655,182.6491765866844,166.21730797129797,165.0370476381804,168.9384769651841,162.77408545642146,161.761558905023,0.48444823178525775,4906,4016,2272
40%,45,2470,173.20812152283258,189.49225690038207,183.14963973870394,183.8640592071599,175.20437640138007,179.26668351829196,179.64000463689538,0.4929697486152535,4873,3992,2288
40%,46,2471,173.20444703292566,190.15901064641258,171.7363067854706,169.01647839228124,179.68497608962954,174.64197893578307,172.30994420279356,0.478057094162761,4885,4007,2315
40%,47,2472,168.10403970220656,184.77454258780315,166.82848326131304,165.4394310895098,169.98070600288682,164.21537521761726,163.08508081133354,0.4835960801022582,4911,4046,2331
40%,48,2473,171.9028852136114,185.25027763198804,170.28108869547142,168.9207670041335,171.85821865514586,164.86808890980717,163.65970635813133,0.4997869620792501,4813,3936,2247
40%,49,2474,188.5135947706389,205.9259803689649,187.5555349767899,186.2447932937116,193.77334403394522,188.1344379830714,186.99368063882116,0.48615253515125695,4909,4003,2287
40%,50,2475,189.2357798907011,203.48495789189417,187.50697099219587,186.1849425582598,186.79435315179057,179.2488843310272,178.28602491050378,0.4933958244567533,4959,4031,2270
40%,51,2476,172.7347974345932,187.37583603347036,171.96157592238114,171.47783184116162,181.63543823390725,176.73474756083772,176.24605468144125,0.489987217724755,4855,3984,2263
40%,52,2477,168.06576143116996,186.5340665697294,165.97257732286496,162.75790206979025,167.38456834821903,158.47171394836673,155.81126837976254,0.4972305070302514,4835,3951,2277
40%,53,2478,178.6046865125959,193.95632929463562,177.27966674391757,175.35212558503684,180.0895306071419,174.90995916950305,173.22737092613093,0.48828291435875587,4935,4030,2301
40%,54,2479,175.15635409457283,192.18221445973984,173.96526279647054,173.54433924270214,177.5359862600577,172.03616896517113,171.58358012679324,0.4878568385172561,4903,4022,2273
40%,55,2480,172.13087249932758,188.90744729171462,170.6123404076108,167.33715171463663,176.75601056190683,170.86458909111138,168.23645075703345,0.4933958244567533,4882,3979,2293
40%,56,2481,193.9603049123015,209.6841352941688,194.27834992026743,195.00267250782062,193.70261288124388,188.95475262223644,189.4427142344778,0.49637835534725183,4818,3950,2293
40%,57,2482,187.46663775154596,201.6736524402488,186.38656486787954,182.7368676521826,185.89769475474256,180.93021407436254,178.2237598975097,0.49850873455475075,4818,3944,2232
40%,58,2483,172.92519337274337,190.3492976791512,171.580774010632,170.55336532574677,175.58728102962507,169.5282561073976,168.59969038983928,0.4870046868342565,4863,4008,2296
40%,59,2484,158.29997711860153,172.30520961510493,156.81636062213758,155.08279256945153,163.01941589593613,156.219726964052,154.43825774733818,0.48828291435875587,4829,3998,2263
40%,60,2485,197.89926158583154,212.42878601497813,196.02391530527504,193.5837171174589,196.3921730011806,189.125959672873,187.18339645645722,0.48913506604175544,4838,3968,2285
40%,61,2486,205.8380876763526,220.7006307345607,206.1414900888538,206.84559428928281,197.45064083401817,191.52693725997392,192.14893822658473,0.49169152109075415,4768,3950,2269
40%,62,2487,170.40962337888317,186.26806418622533,168.51260392372814,166.68583977075025,178.89572035869045,172.212521669352,170.77195864146623,0.4976565828717512,4886,3978,2218
40%,63,2488,168.91185642392514,186.72608096809364,167.60045796343334,166.71782925380154,165.734644691348,159.50053863176788,158.9977706509014,0.4908393694077546,4878,4021,2311
40%,64,2489,171.97095220709141,185.50840605053872,170.74689112457975,166.55706119556694,178.29913263043758,173.09401179405222,169.82815025403005,0.4908393694077546,4893,3997,2240
40%,65,2490,207.3193800522566,221.81131707783976,205.79839175379482,203.80526659284874,205.15217216616045,198.06775226860012,196.63102042301773,0.4904132935662548,4896,4020,2294
40%,66,2491,156.9586240383102,170.89858168707343,155.54083711296664,152.7656431725123,163.1393476390199,157.63342617942106,155.50929307699167,0.4908393694077546,4838,3995,2296
40%,67,2492,156.6234663802956,169.44900343249648,164.43634475396303,163.4013830194561,162.8746197360375,164.09338756894053,163.15336184310084,0.49211759693225393,4864,4027,2283
40%,68,2493,171.13869805084153,186.72574646892966,169.0037344384715,168.98756764930133,179.30150345329096,173.36215420197846,173.3754707657074,0.4895611418832552,4993,4074,2305
40%,69,2494,197.56330757882566,210.57272274575007,196.26571102564034,194.46553871818975,200.29816121157856,194.0763178570543,192.583151228911,0.48615253515125695,4906,4032,2288
40%,70,2495,201.07518642304436,216.187645172435,199.1500666608702,199.68878747053157,199.97906679721277,193.08763516243224,193.39348109679375,0.47507456327226244,4969,4071,2308
40%,71,2496,182.55740411522996,199.40065450281446,180.93173255124668,178.95178152623137,182.52309938944393,175.61404171302922,173.88667154500857,0.4853003834682573,4906,4006,2301
40%,72,2497,175.9659846402344,191.66078153577655,174.17521003536075,174.8280825556826,182.59126147516088,176.4298967340542,176.77615750688838,0.49211759693225393,4798,3944,2266
40%,73,2498,196.79677277170654,213.75539950953782,195.59606318949213,193.8753180230528,192.62325315517236,186.27491404859964,184.65684602704857,0.47890924584576056,4944,4055,2305
40%,74,2499,188.1815937675278,204.4001984548878,186.8711838810808,182.9955985894338,187.85862129931408,182.28316870075943,179.1627316896568,0.48828291435875587,4892,4025,2296
40%,75,2500,166.99580811116581,179.8515157060727,165.05091296792236,162.5981911894754,170.4372495229362,162.72055534903194,160.75474264970663,0.5044737963357477,4782,3951,2240
40%,76,2501,194.06148589405345,210.00502205516193,192.68457843366068,190.6085699112886,192.82868664227598,185.43935566414703,183.560518298686,0.5023434171282488,4846,3979,2236
40%,77,2502,209.80694037054212,225.23766670025913,208.68449794464422,207.4133959045624,201.0023919882433,195.3066261212324,194.32369118020338,0.48828291435875587,4850,3986,2314
40%,78,2503,166.06313407289718,181.22031683834143,166.34211851358677,168.6266646343642,170.9125842895667,166.43583767401472,168.3762427559713,0.4904132935662548,4890,4037,2260
40%,79,2504,197.01160076928264,213.9711972290966,195.9003785179555,193.01415562916054,193.14813677856478,186.97651056804682,184.6301173634365,0.48572645930975716,4912,4057,2303
40%,80,2505,161.66310638570957,177.36030431312278,160.40638461312528,159.2485350984283,162.62482413767782,157.14584295371444,156.37090800685382,0.4874307626757563,4945,4044,2337
40%,81,2506,194.9119717410477,207.82255402711166,193.6809479974129,191.3330927029536,190.3495277829667,184.1141184042214,182.20993721026136,0.48615253515125695,4809,3963,2275
40%,82,2507,200.31847171900515,215.5233460598425,195.45044983957376,196.61005615465348,198.15732957150954,187.55023528121203,188.49204073044498,0.5117170856412442,4816,3944,2190
40%,83,2508,183.9323295954155,197.71113179105026,189.35728164468296,189.45714873800137,188.89652470172325,187.9953195803885,188.05569365212898,0.469961653174265,5010,4141,2368
40%,84,2509,147.0930078804953,157.7059818188512,145.62822323960438,140.7097537313809,152.82719195832996,147.10357889633045,143.1849338658837,0.4870046868342565,4903,4006,2291
40%,85,2510,181.65700950252943,200.1960812604522,180.33887921618143,178.07035693568744,179.61021399239473,173.8313607196935,171.90425774488926,0.4874307626757563,4884,4041,2297
40%,86,2511,163.9645519318621,178.64934011194453,162.7552402914113,163.4059575786921,166.71206175088983,160.49347607786277,161.03855953173397,0.48487430762675754,4901,4081,2362
40%,87,2512,171.93553453058323,186.62317962205535,170.54584501156884,168.881058029482,174.2153871883439,168.60016353534954,167.3705398526508,0.4951001278227524,4845,3985,2281
40%,88,2513,184.36385399381018,203.11596267624972,182.34169574312432,181.3065053071083,192.04332423318706,184.78928246573642,183.83475534369038,0.48870899020025566,4848,3967,2255
40%,89,2514,187.63913038081276,201.06824890855376,186.27608442041196,183.30459511135194,195.4511604894633,190.15494229586685,187.61385924398496,0.48657861099275673,4877,4010,2313
40%,90,2515,184.7534844584631,200.13917023802685,182.93174812165643,179.88038096405216,187.4374254252939,180.05295980985375,177.49103666053597,0.4755006391137622,4866,3999,2333
40%,91,2516,200.7911551144324,218.045655424029,205.98375426180218,205.9083033003246,199.30966117181285,197.40584761438856,197.22791415735898,0.4870046868342565,4906,4039,2339
40%,92,2517,188.2476985306389,201.39382390705364,187.10205346359982,183.40425943073967,184.03417292394397,178.02371778974134,174.7348979176913,0.489987217724755,4843,3972,2242
40%,93,2518,170.19762305678498,187.7497916529272,168.38422893191725,166.56685116330368,176.24486809543973,169.84377252548907,168.4898551892093,0.49467405198125264,4787,3916,2243
40%,94,2519,197.68615568278912,212.92642794756563,196.3747845320642,193.0620031904958,193.17341426282488,186.1018507276435,183.65274145385752,0.49808265871325097,4841,3956,2264
40%,95,2520,163.08580847653383,179.08380645731938,162.0390843306074,158.5360897672951,169.51662619811898,165.70481082603683,162.78330238370737,0.48615253515125695,4870,3998,2330
40%,96,2521,201.43675253030037,217.94889476022678,200.167063786262,199.34253084837965,194.44728300320574,188.2203456383396,187.41656176999118,0.4853003834682573,4844,3992,2314
40%,97,2522,210.44532675318663,225.97595225605963,209.00978180979246,207.27734822217522,202.78947386716496,195.18599173506706,193.75148275999982,0.4801874733702599,4916,4067,2306
40%,98,2523,186.44696270573758,203.93283713540183,184.53311408202123,186.16052530778524,185.81478723059513,178.6683055977146,179.8776307942264,0.5057520238602471,4791,3944,2233
40%,99,2524,188.85804845997936,202.09251416790224,187.54360204963515,185.81425004855794,193.7024156255609,187.8117972485626,186.34126002878952,0.4904132935662548,4875,4024,2274
40%,100,2525,187.1195228894647,201.82205430293317,185.9052925904638,182.72801121869927,185.4318421979376,180.12987777579545,177.60959646847786,0.48828291435875587,4901,3992,2293
60%,1,2626,189.18231011648783,204.35311113918755,189.18231011648783,189.14764922520393,192.68771217470444,192.68771217470444,192.46724820049835,0.0,7187,5929,3376
60%,2,2627,190.90095339680673,207.3511861452053,190.0181439439759,190.0181439439759,188.21022624759664,183.91831100198206,183.91831100198206,0.0,7276,5986,3429
60%,3,2628,192.35539742845486,209.14723347837915,191.44683581762578,191.4393189756223,192.70476060826297,189.1408375182502,189.0854812532598,0.0,7221,5935,3404
60%,4,2629,175.3726736433919,191.66236297079138,174.57983293742402,174.5245971550423,180.10019491045657,177.86421431157916,177.52094315918524,0.0,7201,5899,3386
60%,5,2630,170.8856312785145,184.13837008081265,170.68762677729003,170.6874713895231,174.2116672201723,173.0919345681882,173.0910276886116,0.0,7157,5897,3383
60%,6,2631,185.52713317216643,199.72365937470852,185.12339915436138,185.12339915436138,187.38146246794858,184.5059393758496,184.5059393758496,0.0,7141,5854,3350
60%,7,2632,196.0125662704472,209.9191724518455,195.37029886841515,195.37029886841515,192.93431647145405,189.8387036207862,189.8387036207862,0.0,7146,5848,3308
60%,8,2633,156.95565235853715,173.01735026382244,155.75746732628306,155.75746732628306,160.55679988841587,155.6179284767502,155.6179284767502,0.0,7185,5894,3380
60%,9,2634,196.1418587028924,211.57673739323084,195.20658250768668,195.20658250768668,190.58709123737194,186.18319132522853,186.18319132522853,0.0,7155,5860,3349
60%,10,2635,185.0761601463345,200.65790880226362,185.0761601463345,185.02421204757653,184.39229522387393,184.39229522387393,184.04922797396716,0.0,7260,5954,3444
60%,11,2636,193.39941420539472,210.66316311141068,192.6164172507348,192.61622438153233,194.7621618924439,191.6386088504324,191.6372207722197,0.0,7241,5915,3432
60%,12,2637,193.70661340035593,208.4955916789355,193.06617724285647,193.06617724285647,194.4553479703392,191.88207935932007,191.88207935932007,0.0,7179,5881,3373
60%,13,2638,178.03759387037508,193.2852516159709,177.19797796885172,177.1676854714398,182.81901941407023,180.25961713966566,180.08116810792694,0.0,7139,5851,3353
60%,14,2639,191.26834338363315,204.97386310619532,190.50366317340442,190.50366317340442,191.33646766873335,188.0904720896473,188.0904720896473,0.0,7210,5953,3395
60%,15,2640,186.39818707247088,201.92886838481505,185.54743011277017,185.54743011277017,184.79096451085368,180.960943845204,180.960943845204,0.0,7085,5792,3317
60%,16,2641,188.88286611475513,203.8861077286503,188.28214082951953,188.28214082951953,193.39263346562166,191.08902033903223,191.08902033903223,0.0,7251,5934,3363
60%,17,2642,182.9137370303271,194.89832314738004,181.69901686824338,181.69901686824338,185.86431344824715,181.28621115791887,181.28621115791887,0.0,7083,5798,3310
60%,18,2643,189.88108905281575,204.6081706399494,189.88101161585217,189.84104372247785,192.49457012876405,192.49457012876405,192.25011388000715,0.0,7249,5981,3431
60%,19,2644,195.9091856284929,212.42311162331882,195.11075126219458,195.11075126219458,194.168007718156,190.27354563339102,190.27354563339102,0.0,7103,5857,3351
60%,20,2645,195.80880034089864,212.7036800649856,195.35935594927392,195.3078669586574,195.976068533393,194.4801303103749,194.12235408434663,0.0,7158,5907,3366
60%,21,2646,187.46166627728107,201.677842928926,186.56007081252164,186.56719003085888,192.88579139595245,189.26532690667474,189.3139192063437,0.0,7149,5881,3315
60%,22,2647,176.27725205782335,189.4784282201539,175.04152127444763,175.04152127444763,180.07396051252192,174.61069071213402,174.61069071213402,0.0,7182,5923,3384
60%,23,2648,193.42319142244762,207.95283764277463,193.42319142244762,193.37339477328172,188.71934637860025,188.71934637860025,188.36687499793925,0.0,7228,5972,3476
60%,24,2649,168.8333506517319,184.36838040368406,168.8333506517319,168.78693329601114,171.79177359181799,171.79177359181799,171.52445477828948,0.0,7106,5886,3371
60%,25,2650,190.17233974311128,205.54774456655505,189.88586004058473,189.88586004058473,187.54530142482932,185.57945120443514,185.57945120443514,0.0,7174,5913,3400
60%,26,2651,181.2173956021293,196.58627426182338,180.5570108039841,180.55925936479395,187.52025092971596,185.27092163009365,185.28471227197522,0.0,7076,5827,3303
60%,27,2652,185.4405568937339,198.99605985857062,184.57798667201806,184.57798667201806,181.9083916170483,177.63159724259654,177.63159724259654,0.0,7236,5941,3413
60%,28,2653,185.3257573469358,198.09621629119886,185.1153687870033,185.11486572118767,182.7688049990147,181.2822964425059,181.2785742703054,0.0,7234,5979,3386
60%,29,2654,176.62743523487396,193.8309779832357,180.7176985746073,180.7158115105075,178.96654342994967,181.13196353658233,181.11953578997853,0.0,7235,6026,3477
60%,30,2655,166.53238546455282,182.2460995423187,165.5557318555146,165.5557318555146,171.7874539293886,167.9811273212114,167.9811273212114,0.0,7206,5927,3384
60%,31,2656,189.19889496948713,203.95260628359932,188.4973792791384,188.4973792791384,186.81877259168917,183.84476701699532,183.84476701699532,0.0,7185,5900,3393
60%,32,2657,172.27875510309295,189.0130360182365,171.6116107944464,171.59392238582467,175.75375223542878,173.5341748920183,173.43164908707976,0.0,7109,5864,3323
60%,33,2658,183.26091770377138,199.9453767367414,182.45561478206645,182.45561478206645,183.71606065080175,180.2458016388894,180.2458016388894,0.0,7213,5953,3424
60%,34,2659,177.14631215965733,192.12424061666238,176.060595158594,176.060595158594,179.41349515248558,174.95912652177034,174.95912652177034,0.0,7084,5824,3347
60%,35,2660,171.27674698562998,188.8681809725351,171.27674698562998,171.24267281120203,174.0898313666645,174.0898313666645,173.89937506826115,0.0,7146,5885,3341
60%,36,2661,183.15346868569392,198.2770445257383,182.54198914213703,182.54156467069586,186.8011515375642,183.94983472705044,183.94679057623657,0.0,7103,5867,3322
60%,37,2662,184.35667709434048,200.58386192278434,183.51566192406082,183.51566192406082,185.44604777345876,182.10479757977677,182.10479757977677,0.0,7146,5870,3404
60%,38,2663,192.70274541334024,206.81524322167036,191.80477451284406,191.80477451284406,195.28095860389772,191.2622180028435,191.2622180028435,0.0,7216,5907,3366
60%,39,2664,181.16601266851973,192.25253321380598,180.68869333743737,180.66158095541033,181.8411722273522,180.16476603790537,179.99872950505144,0.0,7150,5869,3354
60%,40,2665,184.2749481014903,198.76913032568808,183.18763668389238,183.18763668389238,188.82765073539016,184.38650805464877,184.38650805464877,0.0,7215,5925,3352
60%,41,2666,189.23702493006246,204.98407625392238,188.61385410387606,188.55234972244915,192.30573544886113,190.38112192958445,189.96393057764465,0.0,7206,5924,3401
60%,42,2667,175.94400899811006,191.46715685579895,175.41534329830512,175.41534329830512,178.60011249426373,175.8140746626061,175.8140746626061,0.0,7141,5863,3406
60%,43,2668,184.58169763879545,197.3677155078995,184.0533716064406,184.0533716064406,186.91481404817478,184.41526850954358,184.41526850954358,0.0,7068,5834,3386
60%,44,2669,193.95147076418294,211.07877650164085,193.16547945824794,193.13980554028734,194.13158801807415,191.5257055871506,191.3570139639696,0.0,7147,5856,3365
60%,45,2670,180.67967567326224,195.75115239441138,180.67967567326224,180.65368979771813,180.4407328584043,180.4407328584043,180.29080053652137,0.0,7192,5917,3411
60%,46,2671,177.96930042874803,191.0225547843796,177.20560097604655,177.1592072866705,176.48970890266662,173.63855294573978,173.34169340869028,0.0,7157,5898,3391
60%,47,2672,194.92605341328382,210.2366615473,194.14512405428798,194.14512405428798,191.7683145816842,187.5119627318161,187.5119627318161,0.0,7179,5892,3395
60%,48,2673,197.07061813705954,212.55866833747828,196.8629310958513,196.8629310958513,191.9908429706372,190.47895191747804,190.47895191747804,0.0,7159,5857,3340
60%,49,2674,183.08349963127398,197.82688448442696,183.08349963127398,183.04885406728604,180.60802158189665,180.60802158189665,180.3878864952292,0.0,7253,5940,3452
60%,50,2675,187.24235374329925,201.8188931420411,187.24235374329925,187.21585441450745,185.88448963167116,185.88448963167116,185.72026278341946,0.0,7205,5915,3385
60%,51,2676,199.138045160729,216.8368654386091,199.138045160729,199.0872427954713,193.70473814860952,193.70473814860952,193.35641134096105,0.0,7241,5951,3459
60%,52,2677,178.5176105822785,195.44909837182252,177.78030083355063,177.7300183895189,177.99854368486515,175.3812943047661,175.07433275138487,0.0,7135,5782,3332
60%,53,2678,189.12608805262363,204.9862506021478,188.6491094257215,188.6491094257215,190.79248803130076,188.64669173973186,188.64669173973186,0.0,7287,5990,3439
60%,54,2679,198.92270831657194,215.536329896374,198.69604993202125,198.69604993202125,201.29990840431898,199.66918887601742,199.66918887601742,0.0,7149,5867,3306
60%,55,2680,166.86079348918688,182.78045578406315,166.12487701673814,166.04754967477774,174.33963695448904,172.3269991159428,171.85607724523126,0.0,7161,5887,3342
60%,56,2681,196.12759574841533,211.17001714961043,195.87705145501386,195.87705145501386,190.45306311863126,188.77446946663864,188.77446946663864,0.0,7133,5865,3368
60%,57,2682,180.66732213345057,192.33641881597745,180.50128467807554,180.50128467807554,177.79660868085793,176.706232652151,176.706232652151,0.0,7194,5922,3427
60%,58,2683,194.42141965871346,210.96660122118266,193.92749063130825,193.8968368185089,191.16780672389828,189.28119090332368,189.085627187172,0.0,7127,5896,3423
60%,59,2684,175.2091158666081,190.71056843009,174.91282013229034,174.91282013229034,181.29614642242336,179.5518492633546,179.5518492633546,0.0,7206,5948,3371
60%,60,2685,164.85415199569155,178.8542835525623,164.55898099920768,164.55898099920768,166.5226754305331,164.74311999220365,164.74311999220365,0.0,7176,5929,3376
60%,61,2686,197.12226398147445,214.52388591393765,196.9539565654106,196.9539565654106,192.29626454168945,191.15141944550564,191.15141944550564,0.0,7145,5877,3335
60%,62,2687,170.0699481362296,184.37970429453733,169.01855822261683,169.01855822261683,173.2315497297462,169.40139430328236,169.40139430328236,0.0,7194,5931,3403
60%,63,2688,191.96995753365465,206.56754136208448,191.96995753365465,191.92056743769223,189.32463084740243,189.32463084740243,188.98034817740356,0.0,7205,5886,3341
60%,64,2689,191.35560668779735,208.6314503852994,190.86293048242146,190.86293048242146,193.23634018602056,191.21145451005665,191.21145451005665,0.0,7138,5856,3354
60%,65,2690,185.08076913397147,200.49533794350947,184.8103402457141,184.8103402457141,189.85282758791087,188.164683809179,188.164683809179,0.0,7196,5922,3359
60%,66,2691,189.16481215702365,201.94781991988003,188.56488180057045,188.56488180057045,192.31952108289886,190.16771507107765,190.16771507107765,0.0,7221,5914,3370
60%,67,2692,169.0383915867905,180.67795215725786,168.37418731109284,168.37470353328777,175.0927784949231,172.84347391841388,172.84678499297502,0.0,7188,5916,3348
60%,68,2693,184.19564016408043,199.08723766792087,183.54069386865052,183.54069386865052,187.90631195004084,185.19712981937144,185.19712981937144,0.0,7200,5929,3381
60%,69,2694,169.28298227642688,180.64872380113312,168.67036287191638,168.67036287191638,174.05030865414994,171.32486703436754,171.32486703436754,0.0,7201,5930,3352
60%,70,2695,182.58714997401862,197.0176677692171,182.30941557461165,182.30941557461165,181.3363784638152,179.5459826645033,179.5459826645033,0.0,7152,5907,3343
60%,71,2696,175.37449441801505,191.54579834736495,174.57812385476325,174.57812385476325,174.29465527755417,170.58664830497634,170.58664830497634,0.0,7085,5833,3347
60%,72,2697,191.0129218651465,208.15791853128414,189.96600565252928,189.96596736757022,187.8785315687783,183.15626769887933,183.15599279203366,0.0,7196,5912,3383
60%,73,2698,174.66194477200477,191.5604743014683,173.29931594260685,173.29931594260685,178.380047067566,173.66803090488295,173.66803090488295,0.0,7185,5889,3376
60%,74,2699,192.74985955020787,207.91998693433806,191.69778559483092,191.69778559483092,189.69048592605532,184.99366250854777,184.99366250854777,0.0,7109,5830,3391
60%,75,2700,188.68888138899638,202.30104761953288,187.8496725106202,187.8496725106202,188.05888063711225,184.2138305505991,184.2138305505991,0.0,7239,5977,3411
60%,76,2701,190.1871748454483,203.7675078157726,189.90545069607148,189.90528966825806,184.68652995461284,182.82311305979792,182.8219871677184,0.0,7138,5872,3413
60%,77,2702,177.7558722650203,191.53590860597126,176.87761106798797,176.87761106798797,177.98410001522163,174.4818553193991,174.4818553193991,0.0,7152,5913,3413
60%,78,2703,167.1202151527556,182.89942194037894,165.90556875455252,165.906739087675,166.15654573588634,161.11402194867455,161.12235488937793,0.0,7085,5819,3335
60%,79,2704,187.77013353227068,200.60348032398494,186.6612387543704,186.6612387543704,189.27618446574044,185.51788722926426,185.51788722926426,0.0,7161,5891,3411
60%,80,2705,168.87302917521578,186.188897614713,168.21866373794688,168.21866373794688,176.177195784834,173.55203715971984,173.55203715971984,0.0,7125,5859,3341
60%,81,2706,176.23091337628722,192.14549509825932,175.97053797876387,175.97053797876387,177.02026520921524,175.41580171923928,175.41580171923928,0.0,7120,5861,3340
60%,82,2707,194.44871175783936,209.04309157638303,193.4716930276233,193.43296491818265,195.42391895842067,192.3081311592207,192.04269272685806,0.0,7168,5917,3391
60%,83,2708,184.55299351959732,197.8014708251877,183.6074842561514,183.6074842561514,183.29060865291686,179.21451133178894,179.21451133178894,0.0,7273,5991,3430
60%,84,2709,169.98474490748168,185.12765826393976,169.98474490748168,169.93315283185942,174.754396931157,174.754396931157,174.4468794853217,0.0,7181,5909,3351
60%,85,2710,191.2932582581138,206.26491808689866,190.29119315165048,190.29119315165048,186.91958598975236,182.04344977909128,182.04344977909128,0.0,7229,5944,3375
60%,86,2711,175.86517326760833,191.3262716470812,175.86517326760833,175.83789172497245,184.18103731865986,184.18103731865986,184.02928463702622,0.0,7082,5833,3304
60%,87,2712,180.58980886485583,197.20510569159083,179.32800755565248,179.32800755565248,184.98388232426976,180.47227628544195,180.47227628544195,0.0,7213,5941,3399
60%,88,2713,175.65281731039624,186.95199495620426,174.93899803124893,174.93899803124893,177.68846189697885,174.57772834677334,174.57772834677334,0.0,7169,5888,3391
60%,89,2714,187.24029057556103,202.50381214674104,186.61776243705128,186.61776243705128,192.80040092391502,190.50005184737412,190.50005184737412,0.0,7175,5880,3328
60%,90,2715,189.76766878815388,204.2078238750138,189.13704716346757,189.13704716346757,185.75589441175103,182.67063975628147,182.67063975628147,0.0,7221,5965,3426
60%,91,2716,193.29399983369896,210.01114743197823,192.98386954483794,192.98386954483794,189.01210175908776,186.90836578049505,186.90836578049505,0.0,7162,5890,3367
60%,92,2717,177.51473110923982,194.84106271533437,176.7644391161575,176.7644391161575,176.80799601092295,173.25051756006715,173.25051756006715,0.0,7157,5873,3385
60%,93,2718,199.14584355147767,214.49692249844287,198.53588025785703,198.53588025785703,200.2740874605314,197.30759991153843,197.30759991153843,0.0,7077,5848,3353
60%,94,2719,189.80352947446957,205.39143131025412,189.80352947446957,189.75081296455642,192.63783398138128,192.63783398138128,192.26796949514394,0.0,7130,5868,3329
60%,95,2720,190.1534256862069,204.56320519191863,189.94171952802023,189.94171952802023,191.97684880903913,190.48177211234312,190.48177211234312,0.0,7116,5867,3340
60%,96,2721,174.50810389160216,189.95086572323845,173.20230059096284,173.20230059096284,178.0350046313562,172.53827139255475,172.53827139255475,0.0,7067,5795,3329
60%,97,2722,198.31739131945523,213.98734874721197,198.3177052512984,198.26016074855804,195.7752219778483,195.7752219778483,195.350853594543,0.0,7101,5838,3406
60%,98,2723,164.18085991997472,175.67476026703346,163.32708165385597,163.26706198985215,165.07417177185718,162.0619102911389,161.7150528713728,0.0,7166,5859,3368
60%,99,2724,190.73260154686568,206.296924221396,190.08701265880876,190.08701265880876,188.85898950921907,185.59425733127202,185.59425733127202,0.0,7143,5897,3402
60%,100,2725,177.57689420313892,195.67873956149012,177.57689420313892,177.52973248005168,177.54200006710354,177.54200006710354,177.25847835499022,0.0,7178,5912,3405
